{"name":"f5032970-5d25-4294-ae7d-dc14c811f7cc","id":"/providers/Microsoft.Flow/flows/f5032970-5d25-4294-ae7d-dc14c811f7cc","type":"Microsoft.Flow/flows","properties":{"apiId":"/providers/Microsoft.PowerApps/apis/shared_logicflows","displayName":"flowAttendance","definition":{"metadata":{"workflowEntityId":null,"processAdvisorMetadata":null,"flowclientsuspensionreason":"None","flowclientsuspensiontime":null,"flowclientsuspensionreasondetails":null,"creator":{"id":"313a519c-db4a-4375-b0fc-90bb5b267b30","type":"User","tenantId":"674d3e6c-45f7-42e9-938c-fcd01e3ff57c"},"provisioningMethod":"FromDefinition","failureAlertSubscription":true,"clientLastModifiedTime":"2022-11-03T23:18:57.9688613Z"},"$schema":"https://schema.management.azure.com/providers/Microsoft.Logic/schemas/2016-06-01/workflowdefinition.json#","contentVersion":"1.0.0.0","parameters":{"$connections":{"defaultValue":{},"type":"Object"},"$authentication":{"defaultValue":{},"type":"SecureObject"}},"triggers":{"manual":{"metadata":{"operationMetadataId":"79010be6-d69e-4ff9-a627-b5b10ff3d56a"},"type":"Request","kind":"PowerApp","inputs":{"schema":{"type":"object","properties":{"Createitem_Title":{"type":"string","x-ms-powerflows-param-ispartial":false},"Createitem_Who":{"type":"string","x-ms-powerflows-param-ispartial":false},"Createitem_When":{"type":"string","format":"date-time","x-ms-powerflows-param-ispartial":false},"Createitem_Longitude":{"type":"string","x-ms-powerflows-param-ispartial":false},"Createitem_Latitude":{"type":"string","x-ms-powerflows-param-ispartial":false},"Createitem_Email":{"type":"string","x-ms-powerflows-param-ispartial":false},"Createitem_CheckOut":{"type":"string","format":"date-time","x-ms-powerflows-param-ispartial":false},"Createitem_co_Longitude":{"type":"string"},"Createitem_co_Latitude":{"type":"string"},"Createitem_TestCheckOut":{"type":"string","x-ms-powerflows-param-ispartial":false}},"required":["Createitem_Title","Createitem_Who","Createitem_When","Createitem_Longitude","Createitem_Latitude","Createitem_Email","Createitem_CheckOut","Createitem_co_Longitude","Createitem_co_Latitude","Createitem_TestCheckOut"]}}}},"actions":{"Create_item":{"runAfter":{},"metadata":{"operationMetadataId":"15403fe9-508a-4372-b9d6-432308cf6817"},"type":"OpenApiConnection","inputs":{"host":{"apiId":"/providers/Microsoft.PowerApps/apis/shared_sharepointonline","connectionName":"shared_sharepointonline","operationId":"PostItem"},"parameters":{"dataset":"https://divergenceone.sharepoint.com/sites/CapstoneApp","table":"b179b687-ec0c-4d22-9b29-007d91e60864","item/Title":"@triggerBody()['Createitem_Title']","item/Who":"@triggerBody()['Createitem_Who']","item/Email":"@triggerBody()['Createitem_Email']","item/When":"@triggerBody()['Createitem_When']","item/Longitude":"@triggerBody()['Createitem_Longitude']","item/Latitude":"@triggerBody()['Createitem_Latitude']","item/CheckOut":"@triggerBody()['Createitem_CheckOut']","item/co_Longitude":"@triggerBody()['Createitem_co_Longitude']","item/co_Latitude":"@triggerBody()['Createitem_co_Latitude']","item/TestCheckOut":"@triggerBody()['Createitem_TestCheckOut']"},"authentication":{"value":"@json(decodeBase64(triggerOutputs().headers['X-MS-APIM-Tokens']))['$ConnectionKey']","type":"Raw"}}}}},"connectionReferences":{"shared_sharepointonline":{"connectionName":"b55761b747154d43b4088f71b9bb854b","source":"Invoker","id":"/providers/Microsoft.PowerApps/apis/shared_sharepointonline","tier":"NotSpecified"}},"flowFailureAlertSubscribed":false,"isManaged":false}}