{"schemaVersion":"1.0","appDefinitionTemplate":{"id":"/providers/Microsoft.PowerApps/apps/","type":"Microsoft.PowerApps/apps","tags":{"primaryDeviceWidth":"640","primaryDeviceHeight":"1136","supportsPortrait":"true","supportsLandscape":"true","primaryFormFactor":"Phone","publisherVersion":"3.22104.22","minimumRequiredApiVersion":"2.2.0","hasComponent":"false","hasUnlockedComponent":"false","isUnifiedRootApp":"false","sienaVersion":"20221109T195731Z-3.22104.22.0"},"properties":{"appVersion":"2022-11-09T19:57:31Z","lifeCycleId":"Published","createdByClientVersion":{"major":3,"minor":22104,"build":22,"revision":0,"majorRevision":0,"minorRevision":0},"minClientVersion":{"major":3,"minor":22104,"build":22,"revision":0,"majorRevision":0,"minorRevision":0},"backgroundColor":"RGBA(0,176,240,1)","backgroundImageUri":"/13950597549409839149/N129e310d-b058-440c-bd41-d1c1d3166fdf-logoSmallFile","displayName":"Divergence Academy Attendance","description":"","commitMessage":"","appUris":{"documentUri":{"value":"/13950597549409839149/Na02efe22-e3a1-439f-a75a-7f70a8132fe9-document.msapp"},"imageUris":[],"additionalUris":[]},"createdTime":"0001-01-01T00:00:00Z","lastModifiedTime":"0001-01-01T00:00:00Z","sharedGroupsCount":0,"sharedUsersCount":0,"icons":{"smallIconUri":"/13950597549409839149/Nc067603a-ccd9-41cf-9543-e044132d24d6-small.png","mediumIconUri":"/13950597549409839149/N72a39fad-11f8-4f28-8250-8f6c5a8d179d-medium.png","largeIconUri":"/13950597549409839149/Nfc9ee84e-f916-4f69-a128-0f473874de92-large.png","wideIconUri":"/13950597549409839149/N3134e627-9265-4331-89e7-43c0d929d8fd-wide.png"},"connectionReferences":{"8b70f4bd-f151-46e1-b26c-4e8ff1645343":{"id":"6b3d2d2c-8f91-4746-8e74-16da5de8b662","displayName":"SharePoint","iconUri":"https://connectoricons-prod.azureedge.net/releases/v1.0.1607/1.0.1607.3068/sharepointonline/icon.png","dataSources":["Student_Cohorts","Student_Registration","Student_Attendance"],"dependencies":[],"dependents":["1fcfb7cb-6970-45cb-a6cd-a0c8d92d3761","afe5cbab-46fe-44cb-b3a3-bf2fc55e3561"],"parameterHints":{},"parameterHintsV2":{},"isOnPremiseConnection":false,"bypassConsent":false,"dataSets":{"https://divergenceone.sharepoint.com/sites/CapstoneApp":{"dataSources":{"Student_Cohorts":{"tableName":"c8a9f3e3-d6a7-473d-8446-373489b41430"},"Student_Registration":{"tableName":"d5332f52-f259-444d-8257-49ce6401af4a"},"Student_Attendance":{"tableName":"b179b687-ec0c-4d22-9b29-007d91e60864"}}}},"apiTier":"Standard","isCustomApiConnection":false,"actions":["providers/PowerPlatform.Governance/Operations/Read"]},"1fcfb7cb-6970-45cb-a6cd-a0c8d92d3761":{"id":"336055e4-89e0-46fe-a554-f3b2f1ab44f4","displayName":"Logic flows","iconUri":"https://connectoricons-prod.azureedge.net/releases/v1.0.1534/1.0.1534.2605/logicflows/icon.png","dataSources":["flowRegistration"],"dependencies":["8b70f4bd-f151-46e1-b26c-4e8ff1645343"],"dependents":[],"parameterHints":{"workflowName":{"value":"71cab5d9-28eb-4459-b7e7-9ae9d8ce533b"},"workflowEntityId":{},"8b70f4bd-f151-46e1-b26c-4e8ff1645343":{"value":"shared_sharepointonline"}},"parameterHintsV2":{"workflowName":{"value":"71cab5d9-28eb-4459-b7e7-9ae9d8ce533b"},"workflowEntityId":{},"shared_sharepointonline":{"value":"8b70f4bd-f151-46e1-b26c-4e8ff1645343"}},"isOnPremiseConnection":false,"bypassConsent":false,"dataSets":{},"apiTier":"Standard","isCustomApiConnection":false,"actions":["Run"],"nestedActions":[{"id":"/providers/Microsoft.PowerApps/apis/shared_sharepointonline/apiOperations/PostItem","apiName":"SharePoint","actionName":"PostItem","referencedResources":[{"key":"site","value":"https://divergenceone.sharepoint.com/sites/CapstoneApp"},{"key":"list","value":"d5332f52-f259-444d-8257-49ce6401af4a"}]}]},"afe5cbab-46fe-44cb-b3a3-bf2fc55e3561":{"id":"336055e4-89e0-46fe-a554-f3b2f1ab44f4","displayName":"Logic flows","iconUri":"https://connectoricons-prod.azureedge.net/releases/v1.0.1534/1.0.1534.2605/logicflows/icon.png","dataSources":["flowAttendance"],"dependencies":["8b70f4bd-f151-46e1-b26c-4e8ff1645343"],"dependents":[],"parameterHints":{"workflowName":{"value":"8bcd4c37-622a-450c-8f8e-91887cbd9be4"},"workflowEntityId":{},"8b70f4bd-f151-46e1-b26c-4e8ff1645343":{"value":"shared_sharepointonline"}},"parameterHintsV2":{"workflowName":{"value":"8bcd4c37-622a-450c-8f8e-91887cbd9be4"},"workflowEntityId":{},"shared_sharepointonline":{"value":"8b70f4bd-f151-46e1-b26c-4e8ff1645343"}},"isOnPremiseConnection":false,"bypassConsent":false,"dataSets":{},"apiTier":"Standard","isCustomApiConnection":false,"actions":["Run"],"nestedActions":[{"id":"/providers/Microsoft.PowerApps/apis/shared_sharepointonline/apiOperations/PostItem","apiName":"SharePoint","actionName":"PostItem","referencedResources":[{"key":"site","value":"https://divergenceone.sharepoint.com/sites/CapstoneApp"},{"key":"list","value":"b179b687-ec0c-4d22-9b29-007d91e60864"}]}]}},"authorizationReferences":[{"resourceId":"powerbi"}],"databaseReferences":{},"almMode":"Environment","performanceOptimizationEnabled":true,"canConsumeAppPass":true,"enableModernRuntimeMode":false,"executionRestrictions":{"isTeamsOnly":false,"dataLossPreventionEvaluationResult":{"status":"Compliant","lastEvaluationDate":"2022-11-09T19:58:04.9867705Z","violations":[],"violationsByPolicy":[],"violationErrorMessage":"The app uses the following connectors: shared_sharepointonline, shared_logicflows."},"httpActionRestriction":{"appUsesSharepointHttpAction":false,"enforcementStrategy":"Legacy","evaluationTime":"2022-11-09T19:58:04.9866853Z"}}},"appType":"ClassicCanvasApp","appComponents":[]}}