{"name":"b0b305b6-bc5a-4b30-8145-52de7564ec21","id":"/providers/Microsoft.Flow/flows/b0b305b6-bc5a-4b30-8145-52de7564ec21","type":"Microsoft.Flow/flows","properties":{"apiId":"/providers/Microsoft.PowerApps/apis/shared_logicflows","displayName":"flowRegistration","definition":{"metadata":{"workflowEntityId":null,"processAdvisorMetadata":null,"flowclientsuspensionreason":"None","flowclientsuspensiontime":null,"flowclientsuspensionreasondetails":null,"creator":{"id":"313a519c-db4a-4375-b0fc-90bb5b267b30","type":"User","tenantId":"674d3e6c-45f7-42e9-938c-fcd01e3ff57c"},"provisioningMethod":"FromDefinition","failureAlertSubscription":true,"clientLastModifiedTime":"2022-11-03T20:30:03.8673692Z"},"$schema":"https://schema.management.azure.com/providers/Microsoft.Logic/schemas/2016-06-01/workflowdefinition.json#","contentVersion":"1.0.0.0","parameters":{"$connections":{"defaultValue":{},"type":"Object"},"$authentication":{"defaultValue":{},"type":"SecureObject"}},"triggers":{"manual":{"metadata":{"operationMetadataId":"7822ffd1-883f-4c10-836d-a26b3e10d700"},"type":"Request","kind":"PowerApp","inputs":{"schema":{"type":"object","properties":{"Createitem_Title":{"type":"string","x-ms-powerflows-param-ispartial":false},"Createitem_Email":{"type":"string","x-ms-powerflows-param-ispartial":false},"Createitem_StudentType":{"type":"string","x-ms-powerflows-param-ispartial":false},"Createitem_Cohort":{"type":"string","x-ms-powerflows-param-ispartial":false}},"required":["Createitem_Title","Createitem_Email","Createitem_StudentType","Createitem_Cohort"]}}}},"actions":{"Create_item":{"runAfter":{},"metadata":{"operationMetadataId":"36fe1e28-b0dd-456c-841c-46b493b770bd"},"type":"OpenApiConnection","inputs":{"host":{"apiId":"/providers/Microsoft.PowerApps/apis/shared_sharepointonline","connectionName":"shared_sharepointonline","operationId":"PostItem"},"parameters":{"dataset":"https://divergenceone.sharepoint.com/sites/CapstoneApp","table":"d5332f52-f259-444d-8257-49ce6401af4a","item/Title":"@triggerBody()['Createitem_Title']","item/Email":"@triggerBody()['Createitem_Email']","item/StudentType":"@triggerBody()['Createitem_StudentType']","item/Cohort":"@triggerBody()['Createitem_Cohort']"},"authentication":{"value":"@json(decodeBase64(triggerOutputs().headers['X-MS-APIM-Tokens']))['$ConnectionKey']","type":"Raw"}}}}},"connectionReferences":{"shared_sharepointonline":{"connectionName":"b55761b747154d43b4088f71b9bb854b","source":"Invoker","id":"/providers/Microsoft.PowerApps/apis/shared_sharepointonline","tier":"NotSpecified"}},"flowFailureAlertSubscribed":false,"isManaged":false}}